"""Good afternoon,"" is a greeting used from noon to early evening.",https://d1pra95f92lrn3.cloudfront.net/audio/2895.mp3,Good afternoon.,https://d1pra95f92lrn3.cloudfront.net/audio/88344.mp3,"""Guten Tag"" ist eine Begrüßung, die man vom Mittag bis zum frühen Abend gebraucht.",https://d1pra95f92lrn3.cloudfront.net/audio/640004.mp3,Guten Tag.,,https://d1pra95f92lrn3.cloudfront.net/audio/1302683.mp3,https://d1pra95f92lrn3.cloudfront.net/media/thumb/21648_192square.jpg,w21648
"""no"" sign",https://d1pra95f92lrn3.cloudfront.net/audio/3003.mp3,No.,https://d1pra95f92lrn3.cloudfront.net/audio/2997.mp3,"""Nein""-Zeichen",https://d1pra95f92lrn3.cloudfront.net/audio/1302616.mp3,Nein.,,https://d1pra95f92lrn3.cloudfront.net/audio/96582.mp3,https://d1pra95f92lrn3.cloudfront.net/media/thumb/21966_192square.jpg,w21966
3 o’clock,https://d1pra95f92lrn3.cloudfront.net/audio/3270.mp3,o'clock,https://d1pra95f92lrn3.cloudfront.net/audio/87738.mp3,3 Uhr,https://d1pra95f92lrn3.cloudfront.net/audio/1302641.mp3,Uhr,die,https://d1pra95f92lrn3.cloudfront.net/audio/95131.mp3,https://d1pra95f92lrn3.cloudfront.net/media/thumb/22044_192square.jpg,w22044
April first,https://d1pra95f92lrn3.cloudfront.net/audio/90044.mp3,April,https://d1pra95f92lrn3.cloudfront.net/audio/3214.mp3,erster April,https://d1pra95f92lrn3.cloudfront.net/audio/354528.mp3,April,der,https://d1pra95f92lrn3.cloudfront.net/audio/1304970.mp3,https://d1pra95f92lrn3.cloudfront.net/media/thumb/22021_192square.jpg,w22021
"Can I have some water, please?",https://d1pra95f92lrn3.cloudfront.net/audio/68110.mp3,water,https://d1pra95f92lrn3.cloudfront.net/audio/305977.mp3,Kann ich bitte etwas Wasser haben?,https://d1pra95f92lrn3.cloudfront.net/audio/639341.mp3,Wasser,das,https://d1pra95f92lrn3.cloudfront.net/audio/309706.mp3,https://d1pra95f92lrn3.cloudfront.net/media/thumb/9628_192square.jpg,w9628
can jump over,https://d1pra95f92lrn3.cloudfront.net/audio/254226.mp3,can,https://d1pra95f92lrn3.cloudfront.net/audio/89127.mp3,drüberspringen können,https://d1pra95f92lrn3.cloudfront.net/audio/370850.mp3,können,,https://d1pra95f92lrn3.cloudfront.net/audio/1302514.mp3,https://d1pra95f92lrn3.cloudfront.net/media/thumb/9008_192square.jpg,w9008
chicken for dinner,https://d1pra95f92lrn3.cloudfront.net/audio/4716.mp3,chicken,https://d1pra95f92lrn3.cloudfront.net/audio/306130.mp3,Hühnchen zum Abendessen,https://d1pra95f92lrn3.cloudfront.net/audio/355000.mp3,Hühnchen,das,https://d1pra95f92lrn3.cloudfront.net/audio/1302679.mp3,https://d1pra95f92lrn3.cloudfront.net/media/thumb/10126_192square.jpg,w10126
cup of coffee,https://d1pra95f92lrn3.cloudfront.net/audio/4567.mp3,coffee,https://d1pra95f92lrn3.cloudfront.net/audio/87753.mp3,Tasse Kaffee,https://d1pra95f92lrn3.cloudfront.net/audio/639316.mp3,Kaffee,der,https://d1pra95f92lrn3.cloudfront.net/audio/1302654.mp3,https://d1pra95f92lrn3.cloudfront.net/media/thumb/22103_192square.jpg,w22103
cup of tea,https://d1pra95f92lrn3.cloudfront.net/audio/4608.mp3,tea,https://d1pra95f92lrn3.cloudfront.net/audio/87763.mp3,Tasse Tee,https://d1pra95f92lrn3.cloudfront.net/audio/1302653.mp3,Tee,der,https://d1pra95f92lrn3.cloudfront.net/audio/1302647.mp3,https://d1pra95f92lrn3.cloudfront.net/media/thumb/22101_192square.jpg,w22101
day calendar,https://d1pra95f92lrn3.cloudfront.net/audio/262703.mp3,calendar,https://d1pra95f92lrn3.cloudfront.net/audio/262702.mp3,Tageskalender,https://d1pra95f92lrn3.cloudfront.net/audio/639045.mp3,Kalender,der,https://d1pra95f92lrn3.cloudfront.net/audio/1304662.mp3,https://d1pra95f92lrn3.cloudfront.net/media/thumb/21796_192square.jpg,w21796
December 31st is New Year's Eve.,https://d1pra95f92lrn3.cloudfront.net/audio/3239.mp3,December,https://d1pra95f92lrn3.cloudfront.net/audio/3237.mp3,Am 31. Dezember ist Silvester.,https://d1pra95f92lrn3.cloudfront.net/audio/1304992.mp3,Dezember,der,https://d1pra95f92lrn3.cloudfront.net/audio/1304990.mp3,https://d1pra95f92lrn3.cloudfront.net/media/thumb/22023_192square.jpg,w22023
easy decision,https://d1pra95f92lrn3.cloudfront.net/audio/4226.mp3,easy,https://d1pra95f92lrn3.cloudfront.net/audio/4224.mp3,einfache Entscheidung,https://d1pra95f92lrn3.cloudfront.net/audio/1302587.mp3,einfach,,https://d1pra95f92lrn3.cloudfront.net/audio/95592.mp3,https://d1pra95f92lrn3.cloudfront.net/media/thumb/8717_192square.jpg,w8717
eight degrees,https://d1pra95f92lrn3.cloudfront.net/audio/198030.mp3,eight,https://d1pra95f92lrn3.cloudfront.net/audio/88323.mp3,acht Grad,https://d1pra95f92lrn3.cloudfront.net/audio/354549.mp3,acht,,https://d1pra95f92lrn3.cloudfront.net/audio/95762.mp3,https://d1pra95f92lrn3.cloudfront.net/media/thumb/9473_192square.jpg,w9473
eng_example,eng_example_sound_url,eng_word,eng_word_sound_url,ger_example,ger_example_sound_url,ger_word,ger_word_article,ger_word_sound_url,img_url,word_id
flavorful beef,https://d1pra95f92lrn3.cloudfront.net/audio/4702.mp3,beef,https://d1pra95f92lrn3.cloudfront.net/audio/87894.mp3,geschmackvolles Rindfleisch,https://d1pra95f92lrn3.cloudfront.net/audio/639346.mp3,Rindfleisch,das,https://d1pra95f92lrn3.cloudfront.net/audio/1302655.mp3,https://d1pra95f92lrn3.cloudfront.net/media/thumb/8664_192square.jpg,w8664
four degrees,https://d1pra95f92lrn3.cloudfront.net/audio/198020.mp3,four,https://d1pra95f92lrn3.cloudfront.net/audio/88319.mp3,vier Grad,https://d1pra95f92lrn3.cloudfront.net/audio/354542.mp3,vier,,https://d1pra95f92lrn3.cloudfront.net/audio/95754.mp3,https://d1pra95f92lrn3.cloudfront.net/media/thumb/9466_192square.jpg,w9466
glass of wine,https://d1pra95f92lrn3.cloudfront.net/audio/4617.mp3,wine,https://d1pra95f92lrn3.cloudfront.net/audio/4609.mp3,Glas Wein,https://d1pra95f92lrn3.cloudfront.net/audio/1302873.mp3,Wein,der,https://d1pra95f92lrn3.cloudfront.net/audio/1302869.mp3,https://d1pra95f92lrn3.cloudfront.net/media/thumb/22104_192square.jpg,w22104
go straight ahead,https://d1pra95f92lrn3.cloudfront.net/audio/254228.mp3,go,https://d1pra95f92lrn3.cloudfront.net/audio/3073.mp3,geradeaus gehen,https://d1pra95f92lrn3.cloudfront.net/audio/354402.mp3,gehen,,https://d1pra95f92lrn3.cloudfront.net/audio/1302517.mp3,https://d1pra95f92lrn3.cloudfront.net/media/thumb/9499_192square.jpg,w9499
Good evening. Welcome.,https://d1pra95f92lrn3.cloudfront.net/audio/253956.mp3,Good evening.,https://d1pra95f92lrn3.cloudfront.net/audio/88345.mp3,Guten Abend. Willkommen.,https://d1pra95f92lrn3.cloudfront.net/audio/398323.mp3,Guten Abend.,,https://d1pra95f92lrn3.cloudfront.net/audio/95775.mp3,https://d1pra95f92lrn3.cloudfront.net/media/thumb/21963_192square.jpg,w21963
Halloween falls on October 31st.,https://d1pra95f92lrn3.cloudfront.net/audio/3233.mp3,October,https://d1pra95f92lrn3.cloudfront.net/audio/3231.mp3,Halloween fällt auf den 31. Oktober.,https://d1pra95f92lrn3.cloudfront.net/audio/1304987.mp3,Oktober,der,https://d1pra95f92lrn3.cloudfront.net/audio/1304985.mp3,https://d1pra95f92lrn3.cloudfront.net/media/thumb/22031_192square.jpg,w22031
"Hello Peter, my name is Richard and it is nice to meet you.",https://d1pra95f92lrn3.cloudfront.net/audio/2975.mp3,Nice to meet you.,https://d1pra95f92lrn3.cloudfront.net/audio/89211.mp3,"Hallo Peter, mein Name ist Richard und es freut mich dich kennen zu lernen.",https://d1pra95f92lrn3.cloudfront.net/audio/398412.mp3,"Freut mich, Sie kennenzulernen.",,https://d1pra95f92lrn3.cloudfront.net/audio/871435.mp3,https://d1pra95f92lrn3.cloudfront.net/media/thumb/21965_192square.jpg,w21965
His left foot is a little bigger than his right foot.,https://d1pra95f92lrn3.cloudfront.net/audio/3854.mp3,foot,https://d1pra95f92lrn3.cloudfront.net/audio/88200.mp3,Sein linker Fuß ist ein bisschen größer als sein rechter Fuß.,https://d1pra95f92lrn3.cloudfront.net/audio/1302799.mp3,Fuß,der,https://d1pra95f92lrn3.cloudfront.net/audio/1305411.mp3,https://d1pra95f92lrn3.cloudfront.net/media/thumb/8374_192square.jpg,w8374
human body,https://d1pra95f92lrn3.cloudfront.net/audio/197911.mp3,body,https://d1pra95f92lrn3.cloudfront.net/audio/3929.mp3,menschlicher Körper,https://d1pra95f92lrn3.cloudfront.net/audio/1327102.mp3,Körper,der,https://d1pra95f92lrn3.cloudfront.net/audio/1303608.mp3,https://d1pra95f92lrn3.cloudfront.net/media/thumb/21798_192square.jpg,w21798
I am a programmer.,https://d1pra95f92lrn3.cloudfront.net/audio/25221.mp3,programmer,https://d1pra95f92lrn3.cloudfront.net/audio/2235.mp3,Ich bin Programmierer.,https://d1pra95f92lrn3.cloudfront.net/audio/24788.mp3,Programmierer,der,https://d1pra95f92lrn3.cloudfront.net/audio/1304960.mp3,https://d1pra95f92lrn3.cloudfront.net/media/thumb/21805_192square.jpg,w21805
I am an engineer.,https://d1pra95f92lrn3.cloudfront.net/audio/263200.mp3,engineer,https://d1pra95f92lrn3.cloudfront.net/audio/88506.mp3,Ich bin Ingenieur.,https://d1pra95f92lrn3.cloudfront.net/audio/1302810.mp3,Ingenieur,der,https://d1pra95f92lrn3.cloudfront.net/audio/1302806.mp3,https://d1pra95f92lrn3.cloudfront.net/media/thumb/19050_192square.jpg,w19050
I enjoy a can or bottle of beer when watching sports on television.,https://d1pra95f92lrn3.cloudfront.net/audio/4574.mp3,beer,https://d1pra95f92lrn3.cloudfront.net/audio/87754.mp3,"Ich genieße eine Dose oder Flasche Bier, wenn ich Sport im Fernsehen anschaue.",https://d1pra95f92lrn3.cloudfront.net/audio/354922.mp3,Bier,das,https://d1pra95f92lrn3.cloudfront.net/audio/354915.mp3,https://d1pra95f92lrn3.cloudfront.net/media/thumb/8700_192square.jpg,w8700
I have a stomach ache.,https://d1pra95f92lrn3.cloudfront.net/audio/262980.mp3,stomach,https://d1pra95f92lrn3.cloudfront.net/audio/3938.mp3,Ich habe Magenschmerzen.,https://d1pra95f92lrn3.cloudfront.net/audio/370523.mp3,Magen,der,https://d1pra95f92lrn3.cloudfront.net/audio/904327.mp3,https://d1pra95f92lrn3.cloudfront.net/media/thumb/8438_192square.jpg,w8438
I have chest pain.,https://d1pra95f92lrn3.cloudfront.net/audio/68530.mp3,chest,https://d1pra95f92lrn3.cloudfront.net/audio/106570.mp3,Ich habe Schmerzen im Brustkorb.,https://d1pra95f92lrn3.cloudfront.net/audio/1428969.mp3,Brustkorb,der,https://d1pra95f92lrn3.cloudfront.net/audio/1304862.mp3,https://d1pra95f92lrn3.cloudfront.net/media/thumb/21799_192square.jpg,w21799
I love to watch all the fish swim at the aquarium.,https://d1pra95f92lrn3.cloudfront.net/audio/4691.mp3,fish,https://d1pra95f92lrn3.cloudfront.net/audio/87889.mp3,Ich liebe es die ganzen Fische im Aquarium schwimmen zu sehen.,https://d1pra95f92lrn3.cloudfront.net/audio/1302674.mp3,Fisch,der,https://d1pra95f92lrn3.cloudfront.net/audio/1302667.mp3,https://d1pra95f92lrn3.cloudfront.net/media/thumb/15728_192square.jpg,w15728
I’ll be home from work in an hour.,https://d1pra95f92lrn3.cloudfront.net/audio/3251.mp3,hour,https://d1pra95f92lrn3.cloudfront.net/audio/3248.mp3,Ich werde in einer Stunde von der Arbeit zurück zu Hause sein.,https://d1pra95f92lrn3.cloudfront.net/audio/1302627.mp3,Stunde,die,https://d1pra95f92lrn3.cloudfront.net/audio/1302623.mp3,https://d1pra95f92lrn3.cloudfront.net/media/thumb/22041_192square.jpg,w22041
"I'm doing very well, how are you?",https://d1pra95f92lrn3.cloudfront.net/audio/2899.mp3,How are you?,https://d1pra95f92lrn3.cloudfront.net/audio/1014500.mp3,"Mir geht es gut, wie geht es dir?",https://d1pra95f92lrn3.cloudfront.net/audio/1302829.mp3,Wie geht es dir?,,https://d1pra95f92lrn3.cloudfront.net/audio/1302828.mp3,https://d1pra95f92lrn3.cloudfront.net/media/thumb/10083_192square.jpg,w10083
"In September, fall begins in the northen hemisphere and spring in the southern hemisphere.",https://d1pra95f92lrn3.cloudfront.net/audio/3230.mp3,September,https://d1pra95f92lrn3.cloudfront.net/audio/3228.mp3,Im September beginnt der Herbst in der nördlichen Hemisphäre und Frühling in der südlichen Hemisphäre.,https://d1pra95f92lrn3.cloudfront.net/audio/721753.mp3,September,der,https://d1pra95f92lrn3.cloudfront.net/audio/1304982.mp3,https://d1pra95f92lrn3.cloudfront.net/media/thumb/22032_192square.jpg,w22032
It is now April so last month was March.,https://d1pra95f92lrn3.cloudfront.net/audio/3196.mp3,March,https://d1pra95f92lrn3.cloudfront.net/audio/3204.mp3,Jetzt ist es April also war der letzte Monat März.,https://d1pra95f92lrn3.cloudfront.net/audio/1460507.mp3,März,der,https://d1pra95f92lrn3.cloudfront.net/audio/1304963.mp3,https://d1pra95f92lrn3.cloudfront.net/media/thumb/22028_192square.jpg,w22028
It is now April so next month will be May.,https://d1pra95f92lrn3.cloudfront.net/audio/3199.mp3,May,https://d1pra95f92lrn3.cloudfront.net/audio/88308.mp3,"Jetzt ist es April, also wird nächsten Monat Mai sein.",https://d1pra95f92lrn3.cloudfront.net/audio/1303187.mp3,Mai,der,https://d1pra95f92lrn3.cloudfront.net/audio/1303219.mp3,https://d1pra95f92lrn3.cloudfront.net/media/thumb/22029_192square.jpg,w22029
January 1st falls on a Tuesday this year.,https://d1pra95f92lrn3.cloudfront.net/audio/253713.mp3,January,https://d1pra95f92lrn3.cloudfront.net/audio/3207.mp3,Der 1. Januar fällt dieses Jahr auf einen Dienstag.,https://d1pra95f92lrn3.cloudfront.net/audio/354503.mp3,Januar,der,https://d1pra95f92lrn3.cloudfront.net/audio/95116.mp3,https://d1pra95f92lrn3.cloudfront.net/media/thumb/22025_192square.jpg,w22025
"July is named for Julius Caesar, who was born in July.",https://d1pra95f92lrn3.cloudfront.net/audio/3224.mp3,July,https://d1pra95f92lrn3.cloudfront.net/audio/3221.mp3,"Juli ist nach Julius Caesar benannt, der im Juli geboren wurde.",https://d1pra95f92lrn3.cloudfront.net/audio/641900.mp3,Juli,der,https://d1pra95f92lrn3.cloudfront.net/audio/1304976.mp3,https://d1pra95f92lrn3.cloudfront.net/media/thumb/22026_192square.jpg,w22026
Lamb is extremely delicious.,https://d1pra95f92lrn3.cloudfront.net/audio/55758.mp3,lamb,https://d1pra95f92lrn3.cloudfront.net/audio/89195.mp3,Lamm ist sehr lecker.,https://d1pra95f92lrn3.cloudfront.net/audio/355005.mp3,Lamm,das,https://d1pra95f92lrn3.cloudfront.net/audio/1304923.mp3,https://d1pra95f92lrn3.cloudfront.net/media/thumb/15190_192square.jpg,w15190
Leap year day is February 29th.,https://d1pra95f92lrn3.cloudfront.net/audio/3213.mp3,February,https://d1pra95f92lrn3.cloudfront.net/audio/3210.mp3,Schalttag ist der 29. Februar.,https://d1pra95f92lrn3.cloudfront.net/audio/1304969.mp3,Februar,der,https://d1pra95f92lrn3.cloudfront.net/audio/1304966.mp3,https://d1pra95f92lrn3.cloudfront.net/media/thumb/22024_192square.jpg,w22024
"Monday, Tuesday, Wednesday, Thursday and Friday are weekdays.",https://d1pra95f92lrn3.cloudfront.net/audio/90274.mp3,Monday,https://d1pra95f92lrn3.cloudfront.net/audio/87724.mp3,"Montag, Dienstag, Mittwoch, Donnerstag und Freitag sind Wochentage.",https://d1pra95f92lrn3.cloudfront.net/audio/1304947.mp3,Montag,der,https://d1pra95f92lrn3.cloudfront.net/audio/95109.mp3,https://d1pra95f92lrn3.cloudfront.net/media/thumb/22038_192square.jpg,w22038
My back hurts.,https://d1pra95f92lrn3.cloudfront.net/audio/64300.mp3,back,https://d1pra95f92lrn3.cloudfront.net/audio/92254.mp3,Mein Rücken schmerzt.,https://d1pra95f92lrn3.cloudfront.net/audio/1428953.mp3,Rücken,der,https://d1pra95f92lrn3.cloudfront.net/audio/1303607.mp3,https://d1pra95f92lrn3.cloudfront.net/media/thumb/21801_192square.jpg,w21801
My finger's bleeding.,https://d1pra95f92lrn3.cloudfront.net/audio/1428673.mp3,finger,https://d1pra95f92lrn3.cloudfront.net/audio/88940.mp3,Mein Finger blutet.,https://d1pra95f92lrn3.cloudfront.net/audio/1428968.mp3,Finger,der,https://d1pra95f92lrn3.cloudfront.net/audio/1304852.mp3,https://d1pra95f92lrn3.cloudfront.net/media/thumb/9323_192square.jpg,w9323
nine degrees,https://d1pra95f92lrn3.cloudfront.net/audio/198032.mp3,nine,https://d1pra95f92lrn3.cloudfront.net/audio/88324.mp3,neun Grad,https://d1pra95f92lrn3.cloudfront.net/audio/354551.mp3,neun,,https://d1pra95f92lrn3.cloudfront.net/audio/95751.mp3,https://d1pra95f92lrn3.cloudfront.net/media/thumb/8833_192square.jpg,w8833
no plans for Saturday,https://d1pra95f92lrn3.cloudfront.net/audio/91632.mp3,Saturday,https://d1pra95f92lrn3.cloudfront.net/audio/87728.mp3,keine Pläne für Samstag,https://d1pra95f92lrn3.cloudfront.net/audio/1304950.mp3,Samstag,der,https://d1pra95f92lrn3.cloudfront.net/audio/95111.mp3,https://d1pra95f92lrn3.cloudfront.net/media/thumb/22036_192square.jpg,w22036
November is one of four months with thirty days.,https://d1pra95f92lrn3.cloudfront.net/audio/3236.mp3,November,https://d1pra95f92lrn3.cloudfront.net/audio/3234.mp3,November ist einer von vier Monaten mit dreißig Tagen.,https://d1pra95f92lrn3.cloudfront.net/audio/1302539.mp3,November,der,https://d1pra95f92lrn3.cloudfront.net/audio/1304988.mp3,https://d1pra95f92lrn3.cloudfront.net/media/thumb/22030_192square.jpg,w22030
number zero,https://d1pra95f92lrn3.cloudfront.net/audio/253419.mp3,zero,https://d1pra95f92lrn3.cloudfront.net/audio/87285.mp3,Nummer null,https://d1pra95f92lrn3.cloudfront.net/audio/354535.mp3,null,,https://d1pra95f92lrn3.cloudfront.net/audio/94665.mp3,https://d1pra95f92lrn3.cloudfront.net/media/thumb/10304_192square.jpg,w10304
one calendar year,https://d1pra95f92lrn3.cloudfront.net/audio/253710.mp3,year,https://d1pra95f92lrn3.cloudfront.net/audio/3120.mp3,ein Kalenderjahr,https://d1pra95f92lrn3.cloudfront.net/audio/1304993.mp3,Jahr,das,https://d1pra95f92lrn3.cloudfront.net/audio/95115.mp3,https://d1pra95f92lrn3.cloudfront.net/media/thumb/22020_192square.jpg,w22020
Our French teacher speaks the language at home.,https://d1pra95f92lrn3.cloudfront.net/audio/2226.mp3,teacher,https://d1pra95f92lrn3.cloudfront.net/audio/306031.mp3,Unsere Französischlehrerin spricht die Sprache zu Hause.,https://d1pra95f92lrn3.cloudfront.net/audio/639723.mp3,Lehrerin,die,https://d1pra95f92lrn3.cloudfront.net/audio/1302805.mp3,https://d1pra95f92lrn3.cloudfront.net/media/thumb/9229_192square.jpg,w9229
police officer in uniform,https://d1pra95f92lrn3.cloudfront.net/audio/254006.mp3,police officer,https://d1pra95f92lrn3.cloudfront.net/audio/88497.mp3,Polizist in Uniform,https://d1pra95f92lrn3.cloudfront.net/audio/370697.mp3,Polizistin,die,https://d1pra95f92lrn3.cloudfront.net/audio/1303620.mp3,https://d1pra95f92lrn3.cloudfront.net/media/thumb/22290_192square.jpg,w22290
Pork is the meat from a pig.,https://d1pra95f92lrn3.cloudfront.net/audio/87110.mp3,pork,https://d1pra95f92lrn3.cloudfront.net/audio/87895.mp3,Schweinefleisch ist das Fleisch von Schweinen.,https://d1pra95f92lrn3.cloudfront.net/audio/354989.mp3,Schweinefleisch,das,https://d1pra95f92lrn3.cloudfront.net/audio/1304189.mp3,https://d1pra95f92lrn3.cloudfront.net/media/thumb/8081_192square.jpg,w8081
See you tomorrow!,https://d1pra95f92lrn3.cloudfront.net/audio/64962.mp3,tomorrow,https://d1pra95f92lrn3.cloudfront.net/audio/88860.mp3,Bis morgen!,https://d1pra95f92lrn3.cloudfront.net/audio/24960.mp3,morgen,,https://d1pra95f92lrn3.cloudfront.net/audio/96308.mp3,https://d1pra95f92lrn3.cloudfront.net/media/thumb/22015_192square.jpg,w22015
seven things,https://d1pra95f92lrn3.cloudfront.net/audio/198028.mp3,seven,https://d1pra95f92lrn3.cloudfront.net/audio/88322.mp3,sieben Dinge,https://d1pra95f92lrn3.cloudfront.net/audio/370461.mp3,sieben,,https://d1pra95f92lrn3.cloudfront.net/audio/95749.mp3,https://d1pra95f92lrn3.cloudfront.net/media/thumb/9424_192square.jpg,w9424
She is a beautiful woman.,https://d1pra95f92lrn3.cloudfront.net/audio/3830.mp3,beautiful,https://d1pra95f92lrn3.cloudfront.net/audio/87475.mp3,Sie ist eine schöne Frau.,https://d1pra95f92lrn3.cloudfront.net/audio/639117.mp3,schön,,https://d1pra95f92lrn3.cloudfront.net/audio/94848.mp3,https://d1pra95f92lrn3.cloudfront.net/media/thumb/9658_192square.jpg,w9658
She looks really sad today.,https://d1pra95f92lrn3.cloudfront.net/audio/3296.mp3,today,https://d1pra95f92lrn3.cloudfront.net/audio/88852.mp3,Sie sieht heute wirklich traurig aus.,https://d1pra95f92lrn3.cloudfront.net/audio/1302338.mp3,heute,,https://d1pra95f92lrn3.cloudfront.net/audio/96305.mp3,https://d1pra95f92lrn3.cloudfront.net/media/thumb/22014_192square.jpg,w22014
six things,https://d1pra95f92lrn3.cloudfront.net/audio/198025.mp3,six,https://d1pra95f92lrn3.cloudfront.net/audio/88321.mp3,sechs Dinge,https://d1pra95f92lrn3.cloudfront.net/audio/354544.mp3,sechs,,https://d1pra95f92lrn3.cloudfront.net/audio/95745.mp3,https://d1pra95f92lrn3.cloudfront.net/media/thumb/9140_192square.jpg,w9140
small chick,https://d1pra95f92lrn3.cloudfront.net/audio/2808.mp3,small,https://d1pra95f92lrn3.cloudfront.net/audio/88687.mp3,kleines Küken,https://d1pra95f92lrn3.cloudfront.net/audio/1302580.mp3,klein,,https://d1pra95f92lrn3.cloudfront.net/audio/1304122.mp3,https://d1pra95f92lrn3.cloudfront.net/media/thumb/21795_192square.jpg,w21795
ten degrees,https://d1pra95f92lrn3.cloudfront.net/audio/198034.mp3,ten,https://d1pra95f92lrn3.cloudfront.net/audio/4322.mp3,zehn Grad,https://d1pra95f92lrn3.cloudfront.net/audio/354533.mp3,zehn,,https://d1pra95f92lrn3.cloudfront.net/audio/95757.mp3,https://d1pra95f92lrn3.cloudfront.net/media/thumb/9088_192square.jpg,w9088
Thank you very much for the invitation.,https://d1pra95f92lrn3.cloudfront.net/audio/2911.mp3,Thank you!,https://d1pra95f92lrn3.cloudfront.net/audio/910067.mp3,Danke vielmals für die Einladung.,https://d1pra95f92lrn3.cloudfront.net/audio/721770.mp3,Danke.,,https://d1pra95f92lrn3.cloudfront.net/audio/94986.mp3,https://d1pra95f92lrn3.cloudfront.net/media/thumb/14992_192square.jpg,w14992
The chef makes orange juice.,https://d1pra95f92lrn3.cloudfront.net/audio/303445.mp3,make,https://d1pra95f92lrn3.cloudfront.net/audio/4118.mp3,Der Koch macht Orangensaft.,https://d1pra95f92lrn3.cloudfront.net/audio/983414.mp3,machen,,https://d1pra95f92lrn3.cloudfront.net/audio/1303168.mp3,https://d1pra95f92lrn3.cloudfront.net/media/thumb/8742_192square.jpg,w8742
The child is raising his hand.,https://d1pra95f92lrn3.cloudfront.net/audio/89916.mp3,hand,https://d1pra95f92lrn3.cloudfront.net/audio/88939.mp3,Das Kind hebt seine Hand hoch.,https://d1pra95f92lrn3.cloudfront.net/audio/309608.mp3,Hand,die,https://d1pra95f92lrn3.cloudfront.net/audio/1303453.mp3,https://d1pra95f92lrn3.cloudfront.net/media/thumb/8317_192square.jpg,w8317
The clock reads eight minutes to twelve.,https://d1pra95f92lrn3.cloudfront.net/audio/253421.mp3,clock,https://d1pra95f92lrn3.cloudfront.net/audio/104222.mp3,Die Uhr zeigt acht Minuten vor zwölf.,https://d1pra95f92lrn3.cloudfront.net/audio/639183.mp3,Uhr,die,https://d1pra95f92lrn3.cloudfront.net/audio/354772.mp3,https://d1pra95f92lrn3.cloudfront.net/media/thumb/20235_192square.jpg,w20235
The couple laughs at the picture.,https://d1pra95f92lrn3.cloudfront.net/audio/303755.mp3,laugh,https://d1pra95f92lrn3.cloudfront.net/audio/306149.mp3,Das Paar lacht über das Bild.,https://d1pra95f92lrn3.cloudfront.net/audio/310855.mp3,lachen,,https://d1pra95f92lrn3.cloudfront.net/audio/310846.mp3,https://d1pra95f92lrn3.cloudfront.net/media/thumb/9527_192square.jpg,w9527
The doctor is examining the foot.,https://d1pra95f92lrn3.cloudfront.net/audio/198007.mp3,doctor,https://d1pra95f92lrn3.cloudfront.net/audio/88507.mp3,Der Arzt untersucht den Fuß.,https://d1pra95f92lrn3.cloudfront.net/audio/398468.mp3,Arzt,der,https://d1pra95f92lrn3.cloudfront.net/audio/1302816.mp3,https://d1pra95f92lrn3.cloudfront.net/media/thumb/21803_192square.jpg,w21803
The employees are having a meeting in the boardroom.,https://d1pra95f92lrn3.cloudfront.net/audio/197977.mp3,employee,https://d1pra95f92lrn3.cloudfront.net/audio/306113.mp3,Die Angestellten haben eine Besprechung im Sitzungssaal.,https://d1pra95f92lrn3.cloudfront.net/audio/310474.mp3,Angestellter,der,https://d1pra95f92lrn3.cloudfront.net/audio/1303061.mp3,https://d1pra95f92lrn3.cloudfront.net/media/thumb/15526_192square.jpg,w15526
The factory manager is giving instructions.,https://d1pra95f92lrn3.cloudfront.net/audio/198008.mp3,manager,https://d1pra95f92lrn3.cloudfront.net/audio/306119.mp3,Der Fabrikleiter gibt Anweisungen.,https://d1pra95f92lrn3.cloudfront.net/audio/983296.mp3,Leiter,der,https://d1pra95f92lrn3.cloudfront.net/audio/1302811.mp3,https://d1pra95f92lrn3.cloudfront.net/media/thumb/17412_192square.jpg,w17412
The girl came towards the video camera.,https://d1pra95f92lrn3.cloudfront.net/audio/303511.mp3,come,https://d1pra95f92lrn3.cloudfront.net/audio/3106.mp3,Das Mädchen kam auf die Videokamera zu.,https://d1pra95f92lrn3.cloudfront.net/audio/639072.mp3,kommen,,https://d1pra95f92lrn3.cloudfront.net/audio/1303190.mp3,https://d1pra95f92lrn3.cloudfront.net/media/thumb/9189_192square.jpg,w9189
The man is bad.,https://d1pra95f92lrn3.cloudfront.net/audio/262775.mp3,bad,https://d1pra95f92lrn3.cloudfront.net/audio/3636.mp3,Der Mann ist schlecht.,https://d1pra95f92lrn3.cloudfront.net/audio/1305009.mp3,schlecht,,https://d1pra95f92lrn3.cloudfront.net/audio/1302588.mp3,https://d1pra95f92lrn3.cloudfront.net/media/thumb/8487_192square.jpg,w8487
The number two is my favorite number.,https://d1pra95f92lrn3.cloudfront.net/audio/198017.mp3,two,https://d1pra95f92lrn3.cloudfront.net/audio/88317.mp3,Die Nummer zwei ist meine Lieblingszahl.,https://d1pra95f92lrn3.cloudfront.net/audio/639181.mp3,zwei,,https://d1pra95f92lrn3.cloudfront.net/audio/95746.mp3,https://d1pra95f92lrn3.cloudfront.net/media/thumb/9077_192square.jpg,w9077
The nurse at the school infirmary is examining the student.,https://d1pra95f92lrn3.cloudfront.net/audio/198006.mp3,nurse,https://d1pra95f92lrn3.cloudfront.net/audio/88502.mp3,Die Krankenschwester untersucht den Schüler im Krankenzimmer der Schule.,https://d1pra95f92lrn3.cloudfront.net/audio/398137.mp3,Krankenschwester,die,https://d1pra95f92lrn3.cloudfront.net/audio/1303679.mp3,https://d1pra95f92lrn3.cloudfront.net/media/thumb/21768_192square.jpg,w21768
The person is using a computer to write an e-mail.,https://d1pra95f92lrn3.cloudfront.net/audio/1178597.mp3,use,https://d1pra95f92lrn3.cloudfront.net/audio/4105.mp3,"Die Person benutzt einen Computer, um eine E-Mail zu schreiben.",https://d1pra95f92lrn3.cloudfront.net/audio/309821.mp3,benutzen,,https://d1pra95f92lrn3.cloudfront.net/audio/1302480.mp3,https://d1pra95f92lrn3.cloudfront.net/media/thumb/17270_192square.jpg,w17270
The school is closed in August.,https://d1pra95f92lrn3.cloudfront.net/audio/64198.mp3,August,https://d1pra95f92lrn3.cloudfront.net/audio/3225.mp3,Die Schule ist im August geschlossen.,https://d1pra95f92lrn3.cloudfront.net/audio/354530.mp3,August,der,https://d1pra95f92lrn3.cloudfront.net/audio/1304979.mp3,https://d1pra95f92lrn3.cloudfront.net/media/thumb/22022_192square.jpg,w22022
The starfish has five legs.,https://d1pra95f92lrn3.cloudfront.net/audio/198022.mp3,five,https://d1pra95f92lrn3.cloudfront.net/audio/88320.mp3,Der Seestern hat fünf Beine.,https://d1pra95f92lrn3.cloudfront.net/audio/354543.mp3,fünf,,https://d1pra95f92lrn3.cloudfront.net/audio/95742.mp3,https://d1pra95f92lrn3.cloudfront.net/media/thumb/8167_192square.jpg,w8167
The tourists see the sunset.,https://d1pra95f92lrn3.cloudfront.net/audio/303736.mp3,see,https://d1pra95f92lrn3.cloudfront.net/audio/4124.mp3,Die Touristen sehen den Sonnenuntergang.,https://d1pra95f92lrn3.cloudfront.net/audio/310776.mp3,sehen,,https://d1pra95f92lrn3.cloudfront.net/audio/1302525.mp3,https://d1pra95f92lrn3.cloudfront.net/media/thumb/17269_192square.jpg,w17269
The two arms are raised.,https://d1pra95f92lrn3.cloudfront.net/audio/197907.mp3,arm,https://d1pra95f92lrn3.cloudfront.net/audio/310921.mp3,Die beiden Arme sind gehoben.,https://d1pra95f92lrn3.cloudfront.net/audio/1303461.mp3,Arm,der,https://d1pra95f92lrn3.cloudfront.net/audio/1303457.mp3,https://d1pra95f92lrn3.cloudfront.net/media/thumb/9562_192square.jpg,w9562
The woman does housework.,https://d1pra95f92lrn3.cloudfront.net/audio/303442.mp3,do,https://d1pra95f92lrn3.cloudfront.net/audio/3066.mp3,Die Frau macht Hausarbeit.,https://d1pra95f92lrn3.cloudfront.net/audio/309797.mp3,machen,,https://d1pra95f92lrn3.cloudfront.net/audio/1302512.mp3,https://d1pra95f92lrn3.cloudfront.net/media/thumb/9432_192square.jpg,w9432
The woman is  rinsing her leg.,https://d1pra95f92lrn3.cloudfront.net/audio/3869.mp3,leg,https://d1pra95f92lrn3.cloudfront.net/audio/262976.mp3,Die Frau wäscht ihr Bein.,https://d1pra95f92lrn3.cloudfront.net/audio/1302804.mp3,Bein,das,https://d1pra95f92lrn3.cloudfront.net/audio/1302800.mp3,https://d1pra95f92lrn3.cloudfront.net/media/thumb/8542_192square.jpg,w8542
The woman is looking at something far away.,https://d1pra95f92lrn3.cloudfront.net/audio/3390.mp3,far,https://d1pra95f92lrn3.cloudfront.net/audio/88444.mp3,"Die Frau guckt auf etwas, das weit entfernt ist.",https://d1pra95f92lrn3.cloudfront.net/audio/983597.mp3,weit,,https://d1pra95f92lrn3.cloudfront.net/audio/95857.mp3,https://d1pra95f92lrn3.cloudfront.net/media/thumb/8065_192square.jpg,w8065
There are seven days in a week.,https://d1pra95f92lrn3.cloudfront.net/audio/253708.mp3,week,https://d1pra95f92lrn3.cloudfront.net/audio/4258.mp3,Es sind sieben (7) Tage in jeder Woche.,https://d1pra95f92lrn3.cloudfront.net/audio/639036.mp3,Woche,die,https://d1pra95f92lrn3.cloudfront.net/audio/1302698.mp3,https://d1pra95f92lrn3.cloudfront.net/media/thumb/22019_192square.jpg,w22019
There are sixty seconds in a minute.,https://d1pra95f92lrn3.cloudfront.net/audio/3260.mp3,second,https://d1pra95f92lrn3.cloudfront.net/audio/91685.mp3,Es sind sechzig Sekunden in einer Minute.,https://d1pra95f92lrn3.cloudfront.net/audio/1302645.mp3,Sekunde,die,https://d1pra95f92lrn3.cloudfront.net/audio/1304952.mp3,https://d1pra95f92lrn3.cloudfront.net/media/thumb/22047_192square.jpg,w22047
There are sixty seconds in a minute.,https://d1pra95f92lrn3.cloudfront.net/audio/3260.mp3,minute,https://d1pra95f92lrn3.cloudfront.net/audio/3257.mp3,Es sind sechzig Sekunden in einer Minute.,https://d1pra95f92lrn3.cloudfront.net/audio/1302645.mp3,Minute,die,https://d1pra95f92lrn3.cloudfront.net/audio/1302642.mp3,https://d1pra95f92lrn3.cloudfront.net/media/thumb/22043_192square.jpg,w22043
three degrees,https://d1pra95f92lrn3.cloudfront.net/audio/198018.mp3,three,https://d1pra95f92lrn3.cloudfront.net/audio/88318.mp3,drei Grad,https://d1pra95f92lrn3.cloudfront.net/audio/354541.mp3,drei,,https://d1pra95f92lrn3.cloudfront.net/audio/95755.mp3,https://d1pra95f92lrn3.cloudfront.net/media/thumb/9718_192square.jpg,w9718
"Tomorrow is Wednesday, and the day after tomorrow is Thursday.",https://d1pra95f92lrn3.cloudfront.net/audio/55020.mp3,Thursday,https://d1pra95f92lrn3.cloudfront.net/audio/87729.mp3,Morgen ist Mittwoch und übermorgen ist Donnerstag.,https://d1pra95f92lrn3.cloudfront.net/audio/1304948.mp3,Donnerstag,der,https://d1pra95f92lrn3.cloudfront.net/audio/1302703.mp3,https://d1pra95f92lrn3.cloudfront.net/media/thumb/22033_192square.jpg,w22033
"Tuesday, January 1st",https://d1pra95f92lrn3.cloudfront.net/audio/253714.mp3,Tuesday,https://d1pra95f92lrn3.cloudfront.net/audio/87726.mp3,"Dienstag, der 1. Januar",https://d1pra95f92lrn3.cloudfront.net/audio/354504.mp3,Dienstag,der,https://d1pra95f92lrn3.cloudfront.net/audio/95125.mp3,https://d1pra95f92lrn3.cloudfront.net/media/thumb/22039_192square.jpg,w22039
ugly face,https://d1pra95f92lrn3.cloudfront.net/audio/262774.mp3,ugly,https://d1pra95f92lrn3.cloudfront.net/audio/3843.mp3,hässliches Gesicht,https://d1pra95f92lrn3.cloudfront.net/audio/1305007.mp3,hässlich,,https://d1pra95f92lrn3.cloudfront.net/audio/1305002.mp3,https://d1pra95f92lrn3.cloudfront.net/media/thumb/8197_192square.jpg,w8197
Vegetables are good for you.,https://d1pra95f92lrn3.cloudfront.net/audio/3008.mp3,good,https://d1pra95f92lrn3.cloudfront.net/audio/3004.mp3,Gemüse ist gut für dich.,https://d1pra95f92lrn3.cloudfront.net/audio/1302574.mp3,gut,,https://d1pra95f92lrn3.cloudfront.net/audio/96588.mp3,https://d1pra95f92lrn3.cloudfront.net/media/thumb/16933_192square.jpg,w16933
very difficult,https://d1pra95f92lrn3.cloudfront.net/audio/91369.mp3,difficult,https://d1pra95f92lrn3.cloudfront.net/audio/4217.mp3,sehr schwierig,https://d1pra95f92lrn3.cloudfront.net/audio/721648.mp3,schwierig,,https://d1pra95f92lrn3.cloudfront.net/audio/1302593.mp3,https://d1pra95f92lrn3.cloudfront.net/media/thumb/17227_192square.jpg,w17227
We are getting married in June.,https://d1pra95f92lrn3.cloudfront.net/audio/68626.mp3,June,https://d1pra95f92lrn3.cloudfront.net/audio/3218.mp3,Wir werden im Juni heiraten.,https://d1pra95f92lrn3.cloudfront.net/audio/354529.mp3,Juni,der,https://d1pra95f92lrn3.cloudfront.net/audio/1304973.mp3,https://d1pra95f92lrn3.cloudfront.net/media/thumb/22027_192square.jpg,w22027
We hired a new cook for the hotel restaurant.,https://d1pra95f92lrn3.cloudfront.net/audio/90642.mp3,cook,https://d1pra95f92lrn3.cloudfront.net/audio/306127.mp3,Wir haben einen neuen Koch für das Hotelrestaurant eingestellt.,https://d1pra95f92lrn3.cloudfront.net/audio/310623.mp3,Koch,der,https://d1pra95f92lrn3.cloudfront.net/audio/1304629.mp3,https://d1pra95f92lrn3.cloudfront.net/media/thumb/21802_192square.jpg,w21802
We like to sleep late on Sunday mornings.,https://d1pra95f92lrn3.cloudfront.net/audio/3169.mp3,Sunday,https://d1pra95f92lrn3.cloudfront.net/audio/3166.mp3,Wir schlafen sonntags morgens gerne aus.,https://d1pra95f92lrn3.cloudfront.net/audio/639167.mp3,Sonntag,der,https://d1pra95f92lrn3.cloudfront.net/audio/95119.mp3,https://d1pra95f92lrn3.cloudfront.net/media/thumb/22034_192square.jpg,w22034
Wear a helmet to protect your head.,https://d1pra95f92lrn3.cloudfront.net/audio/262977.mp3,head,https://d1pra95f92lrn3.cloudfront.net/audio/3876.mp3,"Trage einen Helm, um deinen Kopf zu schützen.",https://d1pra95f92lrn3.cloudfront.net/audio/1302860.mp3,Kopf,der,https://d1pra95f92lrn3.cloudfront.net/audio/1302858.mp3,https://d1pra95f92lrn3.cloudfront.net/media/thumb/21800_192square.jpg,w21800
Wednesday nights we play poker at my house.,https://d1pra95f92lrn3.cloudfront.net/audio/3146.mp3,Wednesday,https://d1pra95f92lrn3.cloudfront.net/audio/87725.mp3,Mittwochs abends spielen wir Poker bei mir zu Hause.,https://d1pra95f92lrn3.cloudfront.net/audio/354505.mp3,Mittwoch,der,https://d1pra95f92lrn3.cloudfront.net/audio/95107.mp3,https://d1pra95f92lrn3.cloudfront.net/media/thumb/22037_192square.jpg,w22037
"When I first meet someone, I like to say, ""Hello.""",https://d1pra95f92lrn3.cloudfront.net/audio/2889.mp3,Hello.,https://d1pra95f92lrn3.cloudfront.net/audio/88341.mp3,"Wenn ich jemanden zum ersten Mal treffe, sage ich gerne ""Hallo.""",https://d1pra95f92lrn3.cloudfront.net/audio/1302695.mp3,Hallo.,,https://d1pra95f92lrn3.cloudfront.net/audio/95777.mp3,https://d1pra95f92lrn3.cloudfront.net/media/thumb/21643_192square.jpg,w21643
Write the plans for Friday on the calendar.,https://d1pra95f92lrn3.cloudfront.net/audio/253716.mp3,Friday,https://d1pra95f92lrn3.cloudfront.net/audio/87727.mp3,Schreibe die Pläne für Freitag auf den Kalender.,https://d1pra95f92lrn3.cloudfront.net/audio/1304949.mp3,Freitag,der,https://d1pra95f92lrn3.cloudfront.net/audio/95112.mp3,https://d1pra95f92lrn3.cloudfront.net/media/thumb/22035_192square.jpg,w22035
yesterday afternoon,https://d1pra95f92lrn3.cloudfront.net/audio/3185.mp3,yesterday,https://d1pra95f92lrn3.cloudfront.net/audio/88862.mp3,gestern Nachmittag,https://d1pra95f92lrn3.cloudfront.net/audio/1302632.mp3,gestern,,https://d1pra95f92lrn3.cloudfront.net/audio/96320.mp3,https://d1pra95f92lrn3.cloudfront.net/media/thumb/22016_192square.jpg,w22016
,,,,,,,,,,
,,,,,,,,,,
,,,,,,,,,,
,,,,,,,,,,
,,,,,,,,,,
,,,,,,,,,,
,,,,,,,,,,
,,,,,,,,,,
,,,,,,,,,,
,,near,https://d1pra95f92lrn3.cloudfront.net/audio/85485.mp3,,,nahe,,https://d1pra95f92lrn3.cloudfront.net/audio/1305010.mp3,https://d1pra95f92lrn3.cloudfront.net/media/thumb/9622_192square.jpg,w9622
,,,,,,,,,,
,,,,,,,,,,
,,,,,,,,,,
,,,,,,,,,,
,,,,,,,,,,
,,,,,,,,,,
,,,,,,,,,,
,,,,,,,,,,
,,Good morning.,https://d1pra95f92lrn3.cloudfront.net/audio/88343.mp3,,,Guten Morgen.,,https://d1pra95f92lrn3.cloudfront.net/audio/95776.mp3,https://d1pra95f92lrn3.cloudfront.net/media/thumb/17247_192square.jpg,w17247
,,,,,,,,,,
,,,,,,,,,,
,,,,,,,,,,
,,,,,,,,,,
,,,,,,,,,,
,,,,,,,,,,
,,,,,,,,,,
,,,,,,,,,,
,,,,,,,,,,
,,,,,,,,,,
,,Good night.,https://d1pra95f92lrn3.cloudfront.net/audio/91172.mp3,,,Gute Nacht.,,https://d1pra95f92lrn3.cloudfront.net/audio/95774.mp3,https://d1pra95f92lrn3.cloudfront.net/media/thumb/21964_192square.jpg,w21964
,,,,,,,,,,
,,,,,,,,,,
,,,,,,,,,,
,,,,,,,,,,
,,,,,,,,,,
,,,,,,,,,,
,,,,,,,,,,
,,,,,,,,,,
,,,,,,,,,,
,,,,,,,,,,
,,,,,,,,,,
,,,,,,,,,,
,,,,,,,,,,
,,,,,,,,,,
,,,,,,,,,,
,,,,,,,,,,
,,Delicious!,https://d1pra95f92lrn3.cloudfront.net/audio/89203.mp3,,,Lecker!,,https://d1pra95f92lrn3.cloudfront.net/audio/1302848.mp3,https://d1pra95f92lrn3.cloudfront.net/media/thumb/10146_192square.jpg,w10146
,,,,,,,,,,
,,,,,,,,,,
,,,,,,,,,,
,,,,,,,,,,
,,I'm...(name).,https://d1pra95f92lrn3.cloudfront.net/audio/87588.mp3,,,Ich bin... (Name).,,https://d1pra95f92lrn3.cloudfront.net/audio/397310.mp3,https://d1pra95f92lrn3.cloudfront.net/media/thumb/21967_192square.jpg,w21967
,,,,,,,,,,
,,,,,,,,,,
,,,,,,,,,,
,,,,,,,,,,
,,Goodbye.,https://d1pra95f92lrn3.cloudfront.net/audio/2907.mp3,,,Auf Wiedersehen.,,https://d1pra95f92lrn3.cloudfront.net/audio/95769.mp3,https://d1pra95f92lrn3.cloudfront.net/media/thumb/21968_192square.jpg,w21968
,,,,,,,,,,
,,,,,,,,,,
,,,,,,,,,,
,,one,https://d1pra95f92lrn3.cloudfront.net/audio/88316.mp3,,,eins,,https://d1pra95f92lrn3.cloudfront.net/audio/1304957.mp3,https://d1pra95f92lrn3.cloudfront.net/media/thumb/8873_192square.jpg,w8873
,,,,,,,,,,
,,Yes.,https://d1pra95f92lrn3.cloudfront.net/audio/85479.mp3,,,Ja.,,https://d1pra95f92lrn3.cloudfront.net/audio/640073.mp3,https://d1pra95f92lrn3.cloudfront.net/media/thumb/14816_192square.jpg,w14816
